FCID,Lane,SampleID,SampleRef,Index,Description,Control,Recipe,Operator,SampleProject
C819RANXX,1,5529,,CGATGT,,N,,,ID68
C819RANXX,1,5530,,TGACCA,,N,,,ID68
C819RANXX,1,5531,,ACAGTG,,N,,,ID68
C819RANXX,1,5532,,GCCAAT,,N,,,ID68
C819RANXX,1,5533,,CAGATC,,N,,,ID68
C819RANXX,1,5534,,ACTTGA,,N,,,ID68
C819RANXX,1,5535,,GATCAG,,N,,,ID68
C819RANXX,1,5536,,CTTGTA,,N,,,ID68
C819RANXX,1,5531,,ACAGTG,,N,,,ID68
C819RANXX,1,5537,,ATCACG,,N,,,ID68
C819RANXX,1,5538,,TTAGGC,,N,,,ID68
C819RANXX,2,5529,,CGATGT,,N,,,ID68
C819RANXX,2,5530,,TGACCA,,N,,,ID68
C819RANXX,2,5531,,ACAGTG,,N,,,ID68
C819RANXX,2,5532,,GCCAAT,,N,,,ID68
C819RANXX,2,5533,,CAGATC,,N,,,ID68
C819RANXX,2,5534,,ACTTGA,,N,,,ID68
C819RANXX,2,5535,,GATCAG,,N,,,ID68
C819RANXX,2,5536,,CTTGTA,,N,,,ID68
C819RANXX,2,5537,,ATCACT,,N,,,ID68
C819RANXX,2,5538,,TTAGGC,,N,,,ID68
C819RANXX,3,5539,,ATCACG,,N,,,ID68
C819RANXX,3,5540,,CGATGT,,N,,,ID68
C819RANXX,3,5541,,TTAGGC,,N,,,ID68
C819RANXX,3,5542,,TGACCA,,N,,,ID68
C819RANXX,3,5543,,ACAGTG,,N,,,ID68
C819RANXX,3,5544,,GCCAAT,,N,,,ID68
C819RANXX,3,5545,,CAGATC,,N,,,ID68
C819RANXX,3,5546,,ACTTGA,,N,,,ID68
C819RANXX,3,5547,,GATCAG,,N,,,ID68
C819RANXX,3,5548,,CTTGTA,,N,,,ID68
C819RANXX,4,5539,,ATCACG,,N,,,ID68
C819RANXX,4,5540,,CGATGT,,N,,,ID68
C819RANXX,4,5541,,TTAGGC,,N,,,ID68
C819RANXX,4,5542,,TGACCA,,N,,,ID68
C819RANXX,4,5543,,ACAGTG,,N,,,ID68
C819RANXX,4,5544,,GCCAAT,,N,,,ID68
C819RANXX,4,5545,,CAGATC,,N,,,ID68
C819RANXX,4,5546,,ACTTGA,,N,,,ID68
C819RANXX,4,5547,,GATCAG,,N,,,ID68
C819RANXX,4,5548,,CTTGTA,,N,,,ID68
C819RANXX,4,5548,,CTTGTA,,N,,,ID68
C819RANXX,5,5673,,ATCACG,,N,,,ID68
C819RANXX,5,5674,,CGATGT,,N,,,ID68
C819RANXX,5,5675,,TTAGGC,,N,,,ID68
C819RANXX,5,5676,,TGACCA,,N,,,ID68
C819RANXX,5,5677,,ACAGTG,,N,,,ID68
C819RANXX,5,5678,,GCCAAT,,N,,,ID68
C819RANXX,5,5679,,CAGATC,,N,,,ID68
C819RANXX,5,5680,,ACTTGA,,N,,,ID68
C819RANXX,5,5681,,GATCAG,,N,,,ID68
C819RANXX,5,5682,,CTTGTA,,N,,,ID68
C819RANXX,6,5673,,ATCACG,,N,,,ID68
C819RANXX,6,5673,,CGATGT,,N,,,ID68
C819RANXX,6,5676,,TGACCA,,N,,,ID68
C819RANXX,6,5677,,ACAGTG,,N,,,ID68
C819RANXX,6,5678,,GCCAAT,,N,,,ID68
C819RANXX,6,5679,,CAGATC,,N,,,ID68
C819RANXX,6,5680,,ACTTGA,,N,,,ID68
C819RANXX,6,5681,,GATCAG,,N,,,ID68
C819RANXX,6,5682,,CTTGTA,,N,,,ID68
C819RANXX,7,5522,Rnor_6.0,ATCACG,,N,,,ID68
C819RANXX,7,5523,Rnor_6.0,CGATGT,,N,,,ID68
C819RANXX,7,5524,Rnor_6.0,TTAGGC,,N,,,ID68
C819RANXX,7,5525,Rnor_6.0,TGACCA,,N,,,ID68
C819RANXX,7,5526,Rnor_6.0,ACAGTG,,N,,,ID68
C819RANXX,7,5527,Rnor_6.0,GCCAAT,,N,,,ID68
C819RANXX,7,5692,mm9,CAGATC,,N,,,ID68
C819RANXX,7,5693,mm9,ACTTGA,,N,,,ID68
C819RANXX,7,5694,mm9,GATCAG,,N,,,ID68
C819RANXX,7,5695,mm9,CTTGTA,,N,,,ID68
C819RANXX,8,5522,Rnor_6.0,ATCACG,,N,,,ID68
C819RANXX,8,5523,Rnor_6.0,CGATGT,,N,,,ID68
C819RANXX,8,5524,Rnor_6.0,TTAGGC,,N,,,ID68
C819RANXX,8,5525,Rnor_6.0,TGACCA,,N,,,ID68
C819RANXX,8,5526,Rnor_6.0,ACAGTG,,N,,,ID68
C819RANXX,8,5527,Rnor_6.0,GCCAAT,,N,,,ID68
C819RANXX,8,5692,mm9,CAGATC,,N,,,ID68
C819RANXX,8,5693,mm9,ACTTGA,,N,,,ID68
C819RANXX,8,5694,mm9,GATCAG,,N,,,ID68
C819RANXX,8,5695,mm9,CTTGTA,,N,,,ID68
#_IEMVERSION_3_TruSeq HT
